split/DCIM/103_VIRB/VIRB0007_000.MP4,107,3.0
split/DCIM/103_VIRB/VIRB0007_002.MP4,108,3.0 1.0 2.0 3.0
split/DCIM/103_VIRB/VIRB0007_003.MP4,109,3.0 2.0 3.0
split/DCIM/103_VIRB/VIRB0007_004.MP4,110,3.0 3.0
split/DCIM/103_VIRB/VIRB0007_006.MP4,111,1.0 4.0 2.0 3.0 2.0
split/DCIM/103_VIRB/VIRB0007_007.MP4,112,2.0 1.0 3.0 3.0 3.0
split/DCIM/103_VIRB/VIRB0007_008.MP4,113,3.0
split/DCIM/103_VIRB/VIRB0007_009.MP4,114,3.0 3.0 2.0 3.0 3.0 3.0 3.0
split/DCIM/103_VIRB/VIRB0007_010.MP4,115,4.0 3.0 3.0 3.0
split/DCIM/103_VIRB/VIRB0007_011.MP4,116,3.0
split/DCIM/103_VIRB/VIRB0007_013.MP4,118,2.0 4.0
split/DCIM/103_VIRB/VIRB0007_014.MP4,119,3.0 3.0 3.0 2.0 2.0 2.0 4.0 4.0 4.0 2.0 2.0 2.0 3.0 3.0 3.0
split/DCIM/103_VIRB/VIRB0007_015.MP4,120,1.0 3.0 3.0 4.0
split/DCIM/103_VIRB/VIRB0007_016.MP4,121,3.0 3.0
split/DCIM/103_VIRB/VIRB0007_017.MP4,122,2.0
split/DCIM/103_VIRB/VIRB0007_018.MP4,123,2.0 2.0 3.0 3.0 5.0 3.0 3.0
split/DCIM/103_VIRB/VIRB0007_019.MP4,124,3.0 3.0 3.0 3.0 3.0 3.0 1.0 1.0 1.0 5.0 5.0 5.0
split/DCIM/103_VIRB/VIRB0007_020.MP4,125,3.0 4.0
split/DCIM/103_VIRB/VIRB0007_021.MP4,126,2.0 2.0 3.0 3.0 3.0 3.0 3.0 3.0
split/DCIM/103_VIRB/VIRB0007_022.MP4,127,2.0 2.0 3.0 3.0 2.0 2.0 4.0 4.0
split/DCIM/103_VIRB/VIRB0007_023.MP4,128,3.0 3.0 3.0 3.0 3.0 3.0
split/DCIM/103_VIRB/VIRB0007_024.MP4,129,3.0 4.0
split/DCIM/103_VIRB/VIRB0007_025.MP4,130,3.0 4.0
split/DCIM/103_VIRB/VIRB0007_026.MP4,131,3.0 3.0 3.0 3.0
split/DCIM/103_VIRB/VIRB0007_028.MP4,133,2.0 2.0 4.0 4.0 3.0 3.0
split/DCIM/103_VIRB/VIRB0007_029.MP4,134,3.0 3.0
split/DCIM/103_VIRB/VIRB0007_030.MP4,135,3.0 4.0 4.0 3.0
split/DCIM/103_VIRB/VIRB0007_031.MP4,136,3.0 3.0
split/DCIM/103_VIRB/VIRB0007_032.MP4,137,3.0 3.0 3.0 3.0
split/DCIM/103_VIRB/VIRB0007_034.MP4,139,3.0 3.0
split/DCIM/103_VIRB/VIRB0007_035.MP4,140,5.0 5.0 2.0 2.0 4.0 4.0
split/DCIM/103_VIRB/VIRB0007_036.MP4,141,2.0 4.0 4.0 3.0 1.0 3.0 3.0
split/DCIM/103_VIRB/VIRB0007_037.MP4,142,3.0 3.0 4.0 4.0
split/DCIM/103_VIRB/VIRB0007_038.MP4,143,4.0 3.0
split/DCIM/103_VIRB/VIRB0007_039.MP4,144,3.0 3.0
split/DCIM/103_VIRB/VIRB0007_040.MP4,145,3.0 5.0
split/DCIM/103_VIRB/VIRB0007_041.MP4,146,4.0
split/DCIM/103_VIRB/VIRB0007_042.MP4,147,3.0 4.0 3.0
split/DCIM/103_VIRB/VIRB0008_000.MP4,302,3.0 3.0 4.0 4.0 4.0 4.0 3.0 3.0
split/DCIM/103_VIRB/VIRB0008_001.MP4,303,4.0
split/DCIM/103_VIRB/VIRB0008_002.MP4,304,4.0 5.0 5.0 4.0
split/DCIM/103_VIRB/VIRB0008_003.MP4,305,3.0 3.0 4.0 4.0 3.0 3.0 3.0 3.0
split/DCIM/103_VIRB/VIRB0008_004.MP4,306,4.0 4.0 5.0 5.0 4.0 4.0 3.0 3.0 4.0 4.0
split/DCIM/103_VIRB/VIRB0008_005.MP4,307,4.0 4.0 5.0 4.0 3.0
split/DCIM/103_VIRB/VIRB0008_006.MP4,308,5.0 5.0 4.0 4.0 4.0 4.0 3.0 3.0
split/DCIM/103_VIRB/VIRB0008_007.MP4,309,4.0 4.0 4.0 4.0 4.0 4.0 4.0
split/DCIM/103_VIRB/VIRB0008_008.MP4,310,4.0 4.0 4.0 4.0 4.0 4.0
split/DCIM/103_VIRB/VIRB0008_009.MP4,311,3.0 3.0
split/DCIM/103_VIRB/VIRB0008_010.MP4,312,3.0 2.0 2.0
split/DCIM/103_VIRB/VIRB0008_011.MP4,313,3.0
split/DCIM/103_VIRB/VIRB0008_012.MP4,314,3.0
split/DCIM/103_VIRB/VIRB0008_013.MP4,315,3.0 3.0 3.0 3.0 3.0 3.0 4.0 4.0 4.0
split/DCIM/103_VIRB/VIRB0008_014.MP4,316,3.0 4.0 4.0
split/DCIM/103_VIRB/VIRB0008_016.MP4,318,4.0 3.0
split/DCIM/103_VIRB/VIRB0008_017.MP4,319,3.0 3.0 4.0 4.0 3.0 3.0 3.0 3.0
split/DCIM/103_VIRB/VIRB0008_018.MP4,320,3.0
split/DCIM/103_VIRB/VIRB0009_000.MP4,198,3.0
split/DCIM/103_VIRB/VIRB0009_001.MP4,199,3.0 3.0 3.0 1.0 1.0 1.0 3.0 3.0 3.0 4.0 4.0 4.0 3.0 3.0 3.0
split/DCIM/103_VIRB/VIRB0009_002.MP4,200,4.0 5.0 3.0
split/DCIM/103_VIRB/VIRB0009_003.MP4,201,4.0
split/DCIM/103_VIRB/VIRB0009_004.MP4,202,3.0
split/DCIM/103_VIRB/VIRB0009_005.MP4,203,3.0 4.0
split/DCIM/103_VIRB/VIRB0009_007.MP4,204,3.0 4.0 3.0 4.0 1.0 4.0 5.0 2.0
split/DCIM/103_VIRB/VIRB0009_008.MP4,205,2.0
split/DCIM/103_VIRB/VIRB0010_001.MP4,404,4.0
split/DCIM/103_VIRB/VIRB0010_002.MP4,405,3.0 4.0 5.0 4.0 4.0
split/DCIM/103_VIRB/VIRB0010_003.MP4,406,1.0 4.0
split/DCIM/104_VIRB/VIRB0002_000.MP4,517,1.0 3.0 3.0 2.0 1.0
split/DCIM/104_VIRB/VIRB0002_001.MP4,518,2.0 2.0 3.0 3.0 3.0 3.0
split/DCIM/104_VIRB/VIRB0002_002.MP4,519,4.0 4.0 4.0 4.0 3.0 3.0
split/DCIM/104_VIRB/VIRB0002_003.MP4,520,4.0 4.0 4.0 4.0
split/DCIM/104_VIRB/VIRB0002_005.MP4,522,4.0
split/DCIM/104_VIRB/VIRB0002_006.MP4,523,5.0 5.0 4.0 4.0
split/DCIM/104_VIRB/VIRB0002_007.MP4,524,4.0 4.0 4.0 4.0 5.0 5.0 4.0 4.0
split/DCIM/104_VIRB/VIRB0002_008.MP4,525,5.0 5.0 4.0 5.0
split/DCIM/104_VIRB/VIRB0002_009.MP4,526,4.0 4.0 3.0 3.0
split/DCIM/104_VIRB/VIRB0002_010.MP4,527,3.0 4.0
split/DCIM/104_VIRB/VIRB0002_011.MP4,528,3.0 3.0 2.0 2.0 5.0 5.0 4.0 4.0
split/DCIM/104_VIRB/VIRB0002_012.MP4,529,4.0 4.0 4.0 4.0 4.0 4.0 4.0 4.0
split/DCIM/104_VIRB/VIRB0002_013.MP4,530,2.0 2.0 2.0 2.0
split/DCIM/104_VIRB/VIRB0002_014.MP4,531,1.0 1.0 1.0 3.0 3.0 3.0 3.0 3.0 3.0 3.0 3.0 3.0 3.0 3.0 3.0
split/DCIM/104_VIRB/VIRB0002_015.MP4,532,3.0 3.0 3.0 3.0 3.0 3.0
split/DCIM/104_VIRB/VIRB0002_016.MP4,533,4.0
split/DCIM/104_VIRB/VIRB0002_017.MP4,534,3.0 4.0
split/DCIM/104_VIRB/VIRB0002_018.MP4,535,3.0 3.0
split/DCIM/104_VIRB/VIRB0002_019.MP4,536,5.0 4.0 2.0 4.0 4.0 2.0 3.0 4.0
split/DCIM/104_VIRB/VIRB0002_020.MP4,537,4.0 4.0 2.0 4.0 3.0
split/DCIM/104_VIRB/VIRB0002_021.MP4,538,4.0 4.0 3.0 3.0 3.0 3.0 3.0 3.0
split/DCIM/104_VIRB/VIRB0002_023.MP4,540,3.0 2.0 2.0
split/DCIM/104_VIRB/VIRB0002_024.MP4,541,2.0
split/DCIM/104_VIRB/VIRB0002_026.MP4,542,1.0
split/DCIM/104_VIRB/VIRB0002_027.MP4,543,2.0 2.0 3.0
split/DCIM/104_VIRB/VIRB0002_028.MP4,544,3.0 3.0 4.0 4.0 3.0 3.0
split/DCIM/104_VIRB/VIRB0002_029.MP4,545,3.0
split/DCIM/104_VIRB/VIRB0002_030.MP4,546,3.0 3.0
split/DCIM/104_VIRB/VIRB0002_032.MP4,548,2.0
split/DCIM/104_VIRB/VIRB0002_033.MP4,549,2.0 2.0 2.0 2.0
split/DCIM/104_VIRB/VIRB0002_034.MP4,550,4.0 4.0 2.0
split/DCIM/104_VIRB/VIRB0002_035.MP4,551,2.0 2.0 2.0 2.0 2.0 2.0
split/DCIM/104_VIRB/VIRB0002_036.MP4,552,2.0 2.0 3.0 3.0 2.0 2.0 3.0 3.0
split/DCIM/104_VIRB/VIRB0002_037.MP4,553,4.0 5.0
split/DCIM/104_VIRB/VIRB0002_039.MP4,555,3.0 3.0 4.0 4.0
split/DCIM/104_VIRB/VIRB0002_040.MP4,556,3.0 3.0 3.0 3.0
split/DCIM/104_VIRB/VIRB0002_041.MP4,557,3.0 3.0 2.0 2.0 1.0 1.0 3.0 3.0 5.0 5.0
split/DCIM/104_VIRB/VIRB0002_042.MP4,558,3.0 2.0 3.0 5.0
split/DCIM/104_VIRB/VIRB0003_000.MP4,486,3.0 4.0 2.0 3.0
split/DCIM/104_VIRB/VIRB0003_001.MP4,487,3.0
split/DCIM/104_VIRB/VIRB0003_002.MP4,488,2.0 3.0
split/DCIM/104_VIRB/VIRB0003_003.MP4,489,1.0
split/DCIM/104_VIRB/VIRB0003_004.MP4,490,2.0 2.0
split/DCIM/104_VIRB/VIRB0003_005.MP4,491,2.0 3.0 3.0 2.0
split/DCIM/104_VIRB/VIRB0003_006.MP4,492,1.0 1.0 2.0 2.0
split/DCIM/104_VIRB/VIRB0003_007.MP4,493,3.0 3.0 3.0
split/DCIM/104_VIRB/VIRB0003_008.MP4,494,1.0 3.0 2.0
split/DCIM/104_VIRB/VIRB0003_009.MP4,495,1.0
split/DCIM/104_VIRB/VIRB0003_010.MP4,496,3.0 3.0 3.0 3.0 3.0 3.0
split/DCIM/104_VIRB/VIRB0003_011.MP4,497,3.0 3.0 3.0 3.0
split/DCIM/104_VIRB/VIRB0003_012.MP4,498,3.0 3.0 2.0 2.0
split/DCIM/104_VIRB/VIRB0003_014.MP4,500,4.0 4.0 5.0 5.0 4.0 4.0 4.0 4.0 4.0 4.0
split/DCIM/104_VIRB/VIRB0003_015.MP4,501,5.0 4.0 4.0 3.0
split/DCIM/104_VIRB/VIRB0003_016.MP4,502,3.0
split/DCIM/104_VIRB/VIRB0003_017.MP4,503,3.0 3.0 3.0 3.0 2.0 2.0 3.0 3.0 3.0 3.0
split/DCIM/104_VIRB/VIRB0003_018.MP4,504,3.0 3.0
split/DCIM/104_VIRB/VIRB0003_019.MP4,505,4.0
split/DCIM/104_VIRB/VIRB0003_020.MP4,506,4.0 4.0 3.0 3.0 3.0 3.0 3.0 3.0 4.0 4.0
split/DCIM/104_VIRB/VIRB0003_022.MP4,508,4.0 4.0 3.0 3.0 4.0 4.0
split/DCIM/104_VIRB/VIRB0003_023.MP4,509,4.0 4.0 5.0 5.0 5.0 5.0
split/DCIM/104_VIRB/VIRB0003_024.MP4,510,4.0 4.0 4.0 4.0
split/DCIM/104_VIRB/VIRB0003_025.MP4,511,4.0 4.0 4.0 4.0
split/DCIM/104_VIRB/VIRB0003_026.MP4,512,4.0 4.0 3.0 3.0
split/DCIM/104_VIRB/VIRB0003_027.MP4,513,3.0 3.0 3.0 3.0 4.0 4.0 4.0 4.0 4.0 4.0
split/DCIM/104_VIRB/VIRB0003_028.MP4,514,3.0 3.0 4.0 4.0 4.0 4.0
split/DCIM/104_VIRB/VIRB0003_029.MP4,515,4.0 4.0
split/DCIM/104_VIRB/VIRB0003_030.MP4,516,3.0 4.0
split/DCIM/104_VIRB/VIRB0004_000.MP4,465,3.0 4.0 4.0
split/DCIM/104_VIRB/VIRB0004_001.MP4,466,2.0
split/DCIM/104_VIRB/VIRB0004_002.MP4,467,4.0 4.0
split/DCIM/104_VIRB/VIRB0004_003.MP4,468,4.0
split/DCIM/104_VIRB/VIRB0004_005.MP4,469,2.0 5.0 2.0
split/DCIM/104_VIRB/VIRB0004_006.MP4,470,1.0
split/DCIM/104_VIRB/VIRB0004_007.MP4,471,1.0 2.0 3.0
split/DCIM/104_VIRB/VIRB0004_008.MP4,472,2.0 2.0 3.0 3.0 2.0 2.0 4.0 4.0 3.0 3.0 2.0 2.0
split/DCIM/104_VIRB/VIRB0004_009.MP4,473,3.0
split/DCIM/104_VIRB/VIRB0004_010.MP4,474,2.0 2.0 2.0 2.0
split/DCIM/104_VIRB/VIRB0004_011.MP4,475,1.0 1.0 1.0 3.0 3.0 3.0 2.0 2.0 2.0 1.0 1.0 1.0 2.0 2.0 2.0
split/DCIM/104_VIRB/VIRB0004_013.MP4,477,1.0 1.0 1.0
split/DCIM/104_VIRB/VIRB0004_014.MP4,478,1.0 1.0
split/DCIM/104_VIRB/VIRB0004_015.MP4,479,1.0 1.0 1.0 1.0 1.0 1.0
split/DCIM/104_VIRB/VIRB0004_017.MP4,481,2.0 2.0 2.0 2.0
split/DCIM/104_VIRB/VIRB0004_018.MP4,482,3.0
split/DCIM/104_VIRB/VIRB0004_019.MP4,483,4.0
split/DCIM/104_VIRB/VIRB0004_020.MP4,484,4.0
split/DCIM/104_VIRB/VIRB0004_021.MP4,485,4.0 3.0
split/DCIM/105_VIRB/VIRB0008_000.MP4,206,3.0 3.0
split/DCIM/105_VIRB/VIRB0008_001.MP4,207,3.0 3.0 3.0 3.0 3.0 3.0 2.0 2.0 2.0 2.0
split/DCIM/105_VIRB/VIRB0008_002.MP4,208,3.0 3.0
split/DCIM/105_VIRB/VIRB0008_003.MP4,209,2.0 2.0 2.0 2.0 3.0 3.0 3.0 3.0 4.0 4.0 4.0 4.0 3.0 3.0 3.0 3.0
split/DCIM/105_VIRB/VIRB0008_004.MP4,210,5.0 5.0
split/DCIM/105_VIRB/VIRB0008_005.MP4,211,3.0 2.0 2.0
split/DCIM/105_VIRB/VIRB0008_006.MP4,212,1.0 2.0 3.0
split/DCIM/105_VIRB/VIRB0008_007.MP4,213,1.0 1.0
split/DCIM/105_VIRB/VIRB0008_008.MP4,214,3.0 2.0
split/DCIM/105_VIRB/VIRB0008_009.MP4,215,4.0 4.0 4.0 4.0
split/DCIM/105_VIRB/VIRB0008_010.MP4,216,2.0 3.0 3.0
split/DCIM/105_VIRB/VIRB0008_011.MP4,217,2.0 2.0 3.0 3.0 4.0 4.0
split/DCIM/105_VIRB/VIRB0008_012.MP4,218,4.0 3.0
split/DCIM/105_VIRB/VIRB0008_014.MP4,220,4.0 3.0
split/DCIM/105_VIRB/VIRB0008_015.MP4,221,2.0 2.0 3.0 3.0
split/DCIM/105_VIRB/VIRB0008_016.MP4,222,4.0 3.0 3.0 3.0 5.0
split/DCIM/105_VIRB/VIRB0008_017.MP4,223,3.0 3.0 4.0 2.0 3.0 3.0
split/DCIM/105_VIRB/VIRB0008_018.MP4,224,1.0 1.0 2.0 2.0 3.0 3.0
split/DCIM/105_VIRB/VIRB0008_019.MP4,225,3.0 3.0
split/DCIM/105_VIRB/VIRB0008_020.MP4,226,3.0 3.0 3.0 3.0 3.0
split/DCIM/105_VIRB/VIRB0008_021.MP4,227,3.0 3.0 4.0 4.0 4.0 4.0 2.0 2.0
split/DCIM/105_VIRB/VIRB0008_022.MP4,228,3.0 3.0 3.0 3.0 3.0 3.0 3.0 3.0 3.0 1.0 1.0 1.0 3.0 3.0 3.0 3.0 3.0 3.0
split/DCIM/105_VIRB/VIRB0008_023.MP4,229,4.0 4.0 2.0 2.0 3.0 3.0 3.0 3.0
split/DCIM/105_VIRB/VIRB0008_024.MP4,230,3.0 3.0 3.0 3.0 3.0 1.0 1.0 1.0 1.0 1.0 4.0 4.0 4.0 4.0 4.0
split/DCIM/105_VIRB/VIRB0008_025.MP4,231,2.0 2.0 2.0 2.0 3.0 3.0 4.0 4.0 3.0 3.0 2.0 2.0
split/DCIM/105_VIRB/VIRB0008_026.MP4,232,4.0 3.0 3.0 2.0
split/DCIM/105_VIRB/VIRB0009_000.MP4,273,3.0 3.0 3.0 2.0 3.0 3.0
split/DCIM/105_VIRB/VIRB0009_001.MP4,274,3.0 3.0
split/DCIM/105_VIRB/VIRB0009_002.MP4,275,3.0 3.0 3.0 2.0 2.0 2.0 3.0 3.0 3.0 5.0 5.0 5.0 3.0 3.0 3.0
split/DCIM/105_VIRB/VIRB0010_000.MP4,375,3.0 4.0 3.0 2.0
split/DCIM/105_VIRB/VIRB0010_001.MP4,376,4.0 3.0 4.0
split/DCIM/105_VIRB/VIRB0010_002.MP4,377,4.0 4.0
split/DCIM/105_VIRB/VIRB0010_003.MP4,378,2.0 2.0 4.0 4.0
split/DCIM/105_VIRB/VIRB0010_004.MP4,379,4.0 4.0 3.0 3.0 4.0 4.0 4.0 4.0
split/DCIM/105_VIRB/VIRB0010_005.MP4,380,4.0 4.0 3.0 3.0 3.0 3.0 3.0 3.0 2.0 2.0 3.0 3.0 3.0 3.0
split/DCIM/105_VIRB/VIRB0010_007.MP4,382,2.0 2.0 1.0 1.0 3.0 3.0
split/DCIM/105_VIRB/VIRB0010_008.MP4,383,4.0 4.0 3.0 3.0 4.0 4.0 4.0 4.0 3.0 3.0
split/DCIM/105_VIRB/VIRB0010_009.MP4,384,3.0 3.0 3.0 3.0
split/DCIM/105_VIRB/VIRB0010_010.MP4,385,4.0 4.0 3.0 3.0 2.0 2.0 3.0 3.0 4.0 4.0
split/DCIM/105_VIRB/VIRB0010_011.MP4,386,4.0 3.0
split/DCIM/105_VIRB/VIRB0010_012.MP4,387,4.0 4.0 4.0 4.0 5.0 5.0 4.0 4.0 3.0 3.0
split/DCIM/105_VIRB/VIRB0010_013.MP4,388,3.0 5.0 4.0 2.0
split/DCIM/105_VIRB/VIRB0010_015.MP4,389,3.0 4.0 3.0 4.0
split/DCIM/105_VIRB/VIRB0010_016.MP4,390,3.0 4.0 4.0
split/DCIM/105_VIRB/VIRB0010_017.MP4,391,4.0 3.0 4.0 4.0
split/DCIM/105_VIRB/VIRB0010_018.MP4,392,3.0
split/DCIM/105_VIRB/VIRB0010_019.MP4,393,3.0 3.0 3.0 4.0
split/DCIM/105_VIRB/VIRB0010_020.MP4,394,5.0
split/DCIM/105_VIRB/VIRB0010_022.MP4,396,3.0 3.0 3.0 4.0 4.0 4.0 2.0 2.0 2.0 2.0 2.0 2.0 2.0 2.0 2.0 2.0 2.0 2.0
split/DCIM/105_VIRB/VIRB0010_023.MP4,397,4.0 4.0 4.0 4.0 4.0 4.0 4.0 4.0 2.0 2.0
split/DCIM/105_VIRB/VIRB0010_024.MP4,398,4.0 4.0
split/DCIM/105_VIRB/VIRB0010_025.MP4,399,3.0 3.0 3.0 5.0 5.0 5.0 3.0 3.0 3.0 4.0 4.0 4.0
split/DCIM/105_VIRB/VIRB0010_026.MP4,400,3.0 3.0
split/DCIM/105_VIRB/VIRB0010_027.MP4,401,3.0 3.0
split/DCIM/105_VIRB/VIRB0010_028.MP4,402,3.0 3.0 2.0 2.0 2.0 2.0 2.0 2.0 2.0 2.0
split/DCIM/105_VIRB/VIRB0010_029.MP4,403,1.0 2.0 2.0
split/DCIM/105_VIRB/VIRB0011_000.MP4,277,1.0 1.0
split/DCIM/105_VIRB/VIRB0011_001.MP4,278,2.0 3.0 3.0
split/DCIM/105_VIRB/VIRB0011_002.MP4,279,1.0 2.0 3.0 2.0
split/DCIM/105_VIRB/VIRB0011_003.MP4,280,1.0 2.0
split/DCIM/105_VIRB/VIRB0011_004.MP4,281,4.0 2.0
split/DCIM/105_VIRB/VIRB0012_000.MP4,451,3.0 1.0 3.0
split/DCIM/105_VIRB/VIRB0012_001.MP4,452,1.0 2.0 2.0 2.0 3.0
split/DCIM/105_VIRB/VIRB0012_002.MP4,453,2.0 2.0
split/DCIM/105_VIRB/VIRB0012_003.MP4,454,1.0
split/DCIM/105_VIRB/VIRB0012_004.MP4,455,2.0 1.0
split/DCIM/105_VIRB/VIRB0012_005.MP4,456,3.0 3.0 1.0 1.0 2.0 2.0
split/DCIM/105_VIRB/VIRB0012_006.MP4,457,1.0 1.0 3.0
split/DCIM/105_VIRB/VIRB0012_008.MP4,459,1.0 1.0
split/DCIM/105_VIRB/VIRB0012_009.MP4,460,2.0 2.0
split/DCIM/105_VIRB/VIRB0012_011.MP4,462,1.0 1.0 3.0 3.0
split/DCIM/105_VIRB/VIRB0012_012.MP4,463,3.0 1.0 2.0 3.0
split/DCIM/105_VIRB/VIRB0012_013.MP4,464,3.0 2.0 2.0 3.0
split/DCIM/105_VIRB/VIRB0013_000.MP4,248,1.0 1.0
split/DCIM/105_VIRB/VIRB0013_001.MP4,249,1.0 1.0
split/DCIM/105_VIRB/VIRB0013_002.MP4,250,2.0 2.0
split/DCIM/105_VIRB/VIRB0013_003.MP4,251,5.0 5.0 3.0 3.0 4.0 4.0
split/DCIM/105_VIRB/VIRB0013_004.MP4,252,3.0 3.0 4.0 4.0 4.0 4.0
split/DCIM/105_VIRB/VIRB0013_005.MP4,253,2.0 2.0 4.0 4.0 2.0 2.0 3.0 3.0
split/DCIM/105_VIRB/VIRB0013_006.MP4,254,4.0
split/DCIM/105_VIRB/VIRB0013_007.MP4,255,3.0 3.0 1.0 2.0 4.0
split/DCIM/105_VIRB/VIRB0013_008.MP4,256,3.0 3.0 3.0 2.0
split/DCIM/105_VIRB/VIRB0013_009.MP4,257,2.0 3.0 3.0 4.0
split/DCIM/105_VIRB/VIRB0013_010.MP4,258,4.0 3.0 4.0
split/DCIM/105_VIRB/VIRB0013_011.MP4,259,4.0 5.0
split/DCIM/105_VIRB/VIRB0013_014.MP4,260,5.0 4.0 4.0
split/DCIM/105_VIRB/VIRB0013_015.MP4,261,5.0 5.0 5.0 4.0 4.0 4.0 5.0 5.0 5.0
split/DCIM/105_VIRB/VIRB0013_017.MP4,263,4.0 4.0 3.0 3.0 5.0 5.0 5.0 5.0
split/DCIM/105_VIRB/VIRB0013_018.MP4,264,5.0 4.0
split/DCIM/105_VIRB/VIRB0013_019.MP4,265,2.0 4.0 4.0 2.0
split/DCIM/105_VIRB/VIRB0013_020.MP4,266,4.0 4.0 4.0 4.0 5.0 5.0
split/DCIM/105_VIRB/VIRB0013_021.MP4,267,4.0 5.0 4.0 3.0
split/DCIM/105_VIRB/VIRB0013_022.MP4,268,4.0
split/DCIM/105_VIRB/VIRB0013_024.MP4,269,3.0 3.0
split/DCIM/105_VIRB/VIRB0013_025.MP4,270,3.0 3.0 3.0 2.0 3.0 5.0
split/DCIM/105_VIRB/VIRB0013_026.MP4,271,5.0 5.0 2.0 2.0 4.0 4.0 4.0 4.0
split/DCIM/105_VIRB/VIRB0013_027.MP4,272,4.0
split/DCIM/105_VIRB/VIRB0014_000.MP4,158,4.0 4.0 1.0 3.0 3.0
split/DCIM/105_VIRB/VIRB0014_001.MP4,159,2.0 3.0 2.0 3.0 3.0 3.0
split/DCIM/105_VIRB/VIRB0014_003.MP4,161,2.0 4.0 3.0
split/DCIM/105_VIRB/VIRB0014_004.MP4,162,3.0 3.0 2.0 2.0
split/DCIM/105_VIRB/VIRB0014_006.MP4,164,3.0 3.0 3.0 3.0 3.0 3.0 3.0 3.0 3.0 2.0 2.0 2.0
split/DCIM/105_VIRB/VIRB0014_008.MP4,166,4.0 4.0 4.0 4.0 4.0 4.0
split/DCIM/105_VIRB/VIRB0014_009.MP4,167,4.0 4.0 3.0 3.0
split/DCIM/105_VIRB/VIRB0014_010.MP4,168,3.0 3.0 4.0 4.0
split/DCIM/105_VIRB/VIRB0014_011.MP4,169,4.0 3.0 5.0
split/DCIM/105_VIRB/VIRB0014_012.MP4,170,5.0 5.0 4.0 4.0 4.0 4.0
split/DCIM/105_VIRB/VIRB0014_013.MP4,171,4.0 4.0 4.0 4.0 4.0 4.0
split/DCIM/105_VIRB/VIRB0014_014.MP4,172,4.0 4.0 4.0 4.0
split/DCIM/105_VIRB/VIRB0014_015.MP4,173,4.0 4.0 3.0 3.0 4.0 4.0
split/DCIM/105_VIRB/VIRB0014_016.MP4,174,4.0 4.0 4.0 4.0 4.0 4.0 4.0 4.0 4.0 4.0
split/DCIM/105_VIRB/VIRB0014_017.MP4,175,4.0 4.0 4.0 4.0 4.0 4.0 4.0 4.0
split/DCIM/105_VIRB/VIRB0014_018.MP4,176,4.0 4.0 4.0 4.0 4.0 4.0 4.0 4.0 4.0 3.0 3.0 3.0
split/DCIM/105_VIRB/VIRB0014_019.MP4,177,4.0
split/DCIM/105_VIRB/VIRB0014_020.MP4,178,4.0 4.0
split/DCIM/105_VIRB/VIRB0014_021.MP4,179,4.0 4.0 3.0
split/DCIM/105_VIRB/VIRB0015_001.MP4,236,4.0
split/DCIM/105_VIRB/VIRB0015_002.MP4,237,4.0 4.0 3.0 3.0 4.0 4.0
split/DCIM/105_VIRB/VIRB0015_003.MP4,238,3.0 4.0
split/DCIM/105_VIRB/VIRB0016_000.MP4,180,3.0 3.0
split/DCIM/105_VIRB/VIRB0016_001.MP4,181,3.0
split/DCIM/105_VIRB/VIRB0016_002.MP4,182,3.0 4.0 4.0 4.0
split/DCIM/105_VIRB/VIRB0016_003.MP4,183,3.0 3.0 3.0 3.0 4.0 4.0
split/DCIM/105_VIRB/VIRB0016_004.MP4,184,3.0 3.0 4.0 4.0 2.0 2.0
split/DCIM/105_VIRB/VIRB0017_000.MP4,321,4.0
split/DCIM/105_VIRB/VIRB0017_001.MP4,322,4.0
split/DCIM/105_VIRB/VIRB0017_002.MP4,323,4.0 3.0 4.0 4.0 4.0
split/DCIM/105_VIRB/VIRB0017_003.MP4,324,4.0
split/DCIM/105_VIRB/VIRB0017_004.MP4,325,4.0 4.0 3.0 3.0
split/DCIM/105_VIRB/VIRB0017_005.MP4,326,4.0 3.0 4.0
split/DCIM/105_VIRB/VIRB0017_006.MP4,327,3.0
split/DCIM/105_VIRB/VIRB0017_007.MP4,328,3.0 3.0
split/DCIM/105_VIRB/VIRB0017_008.MP4,329,5.0 5.0 3.0 3.0 2.0 2.0 1.0 1.0 4.0 4.0 2.0 2.0
split/DCIM/105_VIRB/VIRB0017_009.MP4,330,5.0 2.0 4.0 4.0 1.0 2.0 2.0 4.0
split/DCIM/105_VIRB/VIRB0017_010.MP4,331,3.0 3.0
split/DCIM/105_VIRB/VIRB0019_000.MP4,57,2.0 4.0
split/DCIM/105_VIRB/VIRB0019_001.MP4,58,3.0 3.0
split/DCIM/105_VIRB/VIRB0019_002.MP4,59,3.0
split/DCIM/105_VIRB/VIRB0019_003.MP4,60,3.0 3.0
split/DCIM/105_VIRB/VIRB0019_005.MP4,62,4.0 4.0 4.0 4.0
split/DCIM/105_VIRB/VIRB0019_006.MP4,63,4.0 3.0 4.0 4.0 3.0
split/DCIM/105_VIRB/VIRB0019_007.MP4,64,4.0 3.0
split/DCIM/105_VIRB/VIRB0019_008.MP4,65,4.0 4.0 5.0 5.0 4.0 4.0 4.0 4.0 5.0 5.0
split/DCIM/105_VIRB/VIRB0019_009.MP4,66,3.0 3.0 3.0 3.0 5.0 5.0 5.0 5.0
split/DCIM/105_VIRB/VIRB0019_010.MP4,67,4.0
split/DCIM/105_VIRB/VIRB0019_011.MP4,68,4.0 4.0 3.0 3.0
split/DCIM/105_VIRB/VIRB0019_013.MP4,70,5.0 5.0 4.0 4.0 4.0 4.0
split/DCIM/105_VIRB/VIRB0019_014.MP4,71,3.0 3.0 3.0 3.0 3.0 3.0
split/DCIM/105_VIRB/VIRB0019_015.MP4,72,4.0
split/DCIM/105_VIRB/VIRB0019_016.MP4,73,4.0 5.0
split/DCIM/105_VIRB/VIRB0019_017.MP4,74,4.0
split/DCIM/105_VIRB/VIRB0019_018.MP4,75,5.0 5.0 5.0 5.0 4.0 4.0 4.0 4.0 4.0 4.0
split/DCIM/105_VIRB/VIRB0019_019.MP4,76,4.0 4.0 4.0 4.0 4.0 4.0 2.0 2.0 4.0 4.0 4.0 4.0
split/DCIM/105_VIRB/VIRB0019_020.MP4,77,4.0 4.0 4.0 5.0 5.0 5.0 4.0 4.0 4.0
split/DCIM/105_VIRB/VIRB0019_021.MP4,78,5.0
split/DCIM/105_VIRB/VIRB0019_022.MP4,79,3.0 3.0 4.0 4.0
split/DCIM/105_VIRB/VIRB0019_023.MP4,80,3.0 3.0 4.0 4.0 3.0 3.0
split/DCIM/105_VIRB/VIRB0019_024.MP4,81,3.0 3.0 5.0 5.0
split/DCIM/105_VIRB/VIRB0019_025.MP4,82,3.0 3.0 4.0 4.0 4.0
split/DCIM/105_VIRB/VIRB0020_000.MP4,10,3.0 2.0
split/DCIM/105_VIRB/VIRB0020_001.MP4,11,3.0 3.0 2.0 2.0 3.0 3.0
split/DCIM/105_VIRB/VIRB0020_002.MP4,12,4.0 4.0 3.0 3.0 3.0 3.0 4.0 4.0 3.0 3.0
split/DCIM/105_VIRB/VIRB0020_003.MP4,13,4.0 4.0 3.0 3.0 2.0 2.0 4.0 4.0 5.0 5.0
split/DCIM/105_VIRB/VIRB0020_004.MP4,14,2.0 4.0 3.0 2.0
split/DCIM/105_VIRB/VIRB0020_005.MP4,15,3.0 3.0 3.0 3.0 3.0 3.0 2.0 2.0 2.0 3.0 3.0 3.0
split/DCIM/105_VIRB/VIRB0020_006.MP4,16,4.0 4.0 4.0 4.0 3.0 3.0 3.0 3.0
split/DCIM/105_VIRB/VIRB0020_007.MP4,17,5.0 4.0 2.0 4.0
split/DCIM/105_VIRB/VIRB0020_008.MP4,18,4.0 4.0 4.0 4.0
split/DCIM/105_VIRB/VIRB0020_009.MP4,19,3.0 3.0 2.0 2.0 3.0 3.0
split/DCIM/105_VIRB/VIRB0020_010.MP4,20,3.0 3.0 4.0 4.0 3.0 3.0 3.0 3.0
split/DCIM/105_VIRB/VIRB0020_011.MP4,21,4.0 3.0 2.0
split/DCIM/105_VIRB/VIRB0020_012.MP4,22,4.0 4.0 2.0 4.0 4.0 4.0 3.0
split/DCIM/105_VIRB/VIRB0020_013.MP4,23,4.0 4.0
split/DCIM/105_VIRB/VIRB0020_014.MP4,24,4.0 4.0 3.0 3.0 4.0 4.0
split/DCIM/105_VIRB/VIRB0020_015.MP4,25,3.0
split/DCIM/105_VIRB/VIRB0020_016.MP4,26,4.0 4.0 4.0 4.0
split/DCIM/105_VIRB/VIRB0020_017.MP4,27,4.0 4.0 3.0 3.0
split/DCIM/105_VIRB/VIRB0020_018.MP4,28,3.0 3.0 3.0 3.0 4.0 4.0
split/DCIM/105_VIRB/VIRB0020_019.MP4,29,4.0 4.0
split/DCIM/105_VIRB/VIRB0020_020.MP4,30,3.0 4.0 3.0
split/DCIM/105_VIRB/VIRB0020_021.MP4,31,4.0 4.0
split/DCIM/105_VIRB/VIRB0021_000.MP4,49,4.0 4.0 3.0
split/DCIM/105_VIRB/VIRB0021_001.MP4,50,2.0
split/DCIM/105_VIRB/VIRB0021_002.MP4,51,3.0 3.0 4.0 4.0 1.0 1.0 2.0 2.0
split/DCIM/105_VIRB/VIRB0021_003.MP4,52,1.0 1.0 1.0 1.0 2.0 2.0 2.0 2.0 2.0 2.0 3.0 3.0 2.0 2.0 2.0 2.0
split/DCIM/105_VIRB/VIRB0021_004.MP4,53,2.0 2.0 2.0 2.0 2.0 2.0 1.0 1.0 1.0 1.0 1.0 1.0
split/DCIM/105_VIRB/VIRB0021_006.MP4,55,2.0 2.0 1.0 1.0 2.0 2.0 2.0 2.0
split/DCIM/105_VIRB/VIRB0022_000.MP4,33,3.0 4.0 2.0 5.0
split/DCIM/105_VIRB/VIRB0022_001.MP4,34,3.0 3.0
split/DCIM/105_VIRB/VIRB0022_002.MP4,35,3.0
split/DCIM/105_VIRB/VIRB0022_003.MP4,36,3.0
split/DCIM/105_VIRB/VIRB0022_004.MP4,37,3.0 3.0 5.0 5.0 4.0 4.0
split/DCIM/105_VIRB/VIRB0022_005.MP4,38,4.0 4.0 3.0 3.0
split/DCIM/105_VIRB/VIRB0022_006.MP4,39,1.0 3.0 3.0 2.0 3.0
split/DCIM/105_VIRB/VIRB0022_007.MP4,40,3.0 3.0 3.0 3.0 3.0 3.0
split/DCIM/105_VIRB/VIRB0022_008.MP4,41,3.0 3.0 4.0
split/DCIM/105_VIRB/VIRB0022_009.MP4,42,3.0 3.0 3.0 3.0 3.0 3.0 2.0 2.0
split/DCIM/105_VIRB/VIRB0022_010.MP4,43,3.0 3.0 3.0 3.0 4.0
split/DCIM/105_VIRB/VIRB0022_014.MP4,44,4.0 2.0 3.0 2.0
split/DCIM/105_VIRB/VIRB0022_015.MP4,45,2.0 3.0
split/DCIM/105_VIRB/VIRB0022_016.MP4,46,3.0 3.0 3.0 3.0 2.0 2.0
split/DCIM/105_VIRB/VIRB0022_017.MP4,47,4.0 4.0 3.0
split/DCIM/105_VIRB/VIRB0024_000.MP4,282,4.0 4.0 3.0 4.0
split/DCIM/105_VIRB/VIRB0024_001.MP4,283,2.0
split/DCIM/105_VIRB/VIRB0024_002.MP4,284,2.0 2.0 2.0 2.0 4.0 4.0 3.0 3.0 4.0 4.0
split/DCIM/105_VIRB/VIRB0024_003.MP4,285,1.0 1.0 3.0 3.0
split/DCIM/105_VIRB/VIRB0024_004.MP4,286,3.0 3.0 2.0 2.0
split/DCIM/105_VIRB/VIRB0024_005.MP4,287,1.0 2.0
split/DCIM/105_VIRB/VIRB0024_006.MP4,288,2.0 3.0
split/DCIM/105_VIRB/VIRB0024_008.MP4,289,3.0 3.0 3.0 3.0 4.0 4.0
split/DCIM/105_VIRB/VIRB0024_010.MP4,291,5.0 5.0 4.0 4.0 2.0 2.0 4.0 4.0 4.0 4.0 4.0 4.0
split/DCIM/105_VIRB/VIRB0024_011.MP4,292,4.0 3.0
split/DCIM/105_VIRB/VIRB0024_012.MP4,293,3.0 3.0 4.0 4.0 3.0 3.0
split/DCIM/105_VIRB/VIRB0024_013.MP4,294,5.0 5.0
split/DCIM/105_VIRB/VIRB0024_015.MP4,295,3.0 3.0 3.0
split/DCIM/105_VIRB/VIRB0024_016.MP4,296,5.0 4.0
split/DCIM/105_VIRB/VIRB0024_017.MP4,297,3.0 3.0 4.0 4.0
split/DCIM/105_VIRB/VIRB0024_018.MP4,298,5.0 4.0 5.0 4.0
split/DCIM/105_VIRB/VIRB0024_019.MP4,299,3.0 3.0 5.0 5.0 4.0 4.0 4.0 4.0
split/DCIM/105_VIRB/VIRB0024_020.MP4,300,3.0 4.0
split/DCIM/105_VIRB/VIRB0024_021.MP4,301,4.0 4.0 3.0 3.0
split/DCIM/105_VIRB/VIRB0025_000.MP4,185,3.0 3.0 2.0 2.0
split/DCIM/105_VIRB/VIRB0025_001.MP4,186,3.0 3.0 3.0 4.0 4.0 4.0 4.0 4.0 4.0
split/DCIM/105_VIRB/VIRB0025_002.MP4,187,4.0 4.0 4.0 4.0 2.0 2.0 4.0 4.0
split/DCIM/105_VIRB/VIRB0025_003.MP4,188,3.0 3.0
split/DCIM/105_VIRB/VIRB0025_004.MP4,189,4.0 3.0 4.0
split/DCIM/105_VIRB/VIRB0025_005.MP4,190,5.0 5.0
split/DCIM/105_VIRB/VIRB0025_006.MP4,191,3.0 3.0 3.0 3.0 3.0 3.0
split/DCIM/105_VIRB/VIRB0025_007.MP4,192,3.0 3.0 3.0 4.0 4.0 4.0
split/DCIM/105_VIRB/VIRB0025_008.MP4,193,4.0 4.0 5.0 5.0 3.0 3.0
split/DCIM/105_VIRB/VIRB0025_010.MP4,195,4.0
split/DCIM/105_VIRB/VIRB0025_011.MP4,196,2.0 3.0
split/DCIM/105_VIRB/VIRB0025_012.MP4,197,3.0 4.0
split/DCIM/105_VIRB/VIRB0026_000.MP4,83,3.0 3.0 2.0 2.0 3.0 3.0
split/DCIM/105_VIRB/VIRB0026_001.MP4,84,4.0 4.0 4.0 4.0 4.0 4.0
split/DCIM/105_VIRB/VIRB0026_002.MP4,85,2.0 3.0 5.0
split/DCIM/105_VIRB/VIRB0026_004.MP4,87,5.0 3.0 3.0
split/DCIM/105_VIRB/VIRB0026_005.MP4,88,3.0 4.0
split/DCIM/105_VIRB/VIRB0026_006.MP4,89,4.0 4.0 3.0 3.0 3.0 3.0 3.0 3.0
split/DCIM/105_VIRB/VIRB0026_007.MP4,90,1.0 3.0 3.0 3.0 4.0
split/DCIM/105_VIRB/VIRB0026_008.MP4,91,4.0 4.0 4.0 4.0 4.0 4.0
split/DCIM/105_VIRB/VIRB0026_009.MP4,92,3.0 3.0 4.0 4.0
split/DCIM/105_VIRB/VIRB0026_010.MP4,93,4.0 3.0 3.0 4.0
split/DCIM/105_VIRB/VIRB0026_011.MP4,94,3.0 3.0 3.0 3.0 2.0 2.0 3.0 3.0
split/DCIM/105_VIRB/VIRB0026_012.MP4,95,2.0
split/DCIM/105_VIRB/VIRB0026_013.MP4,96,3.0 3.0 4.0
split/DCIM/105_VIRB/VIRB0026_014.MP4,97,4.0 4.0 3.0 3.0 4.0 4.0 4.0 4.0 3.0 3.0
split/DCIM/105_VIRB/VIRB0027_000.MP4,99,3.0 4.0 4.0 3.0 4.0 4.0
split/DCIM/105_VIRB/VIRB0027_002.MP4,101,2.0 2.0
split/DCIM/105_VIRB/VIRB0027_003.MP4,102,2.0 4.0 2.0 3.0
split/DCIM/105_VIRB/VIRB0027_004.MP4,103,3.0 3.0 3.0 3.0 3.0 3.0
split/DCIM/105_VIRB/VIRB0027_005.MP4,104,4.0 4.0
split/DCIM/105_VIRB/VIRB0027_006.MP4,105,3.0 3.0
split/DCIM/105_VIRB/VIRB0028_000.MP4,332,2.0 3.0
split/DCIM/105_VIRB/VIRB0028_001.MP4,333,2.0 2.0 3.0 3.0
split/DCIM/105_VIRB/VIRB0028_002.MP4,334,5.0 3.0 4.0 3.0
split/DCIM/105_VIRB/VIRB0028_003.MP4,335,1.0 2.0
split/DCIM/105_VIRB/VIRB0029_001.MP4,239,3.0 1.0
split/DCIM/105_VIRB/VIRB0029_003.MP4,240,1.0 4.0
split/DCIM/105_VIRB/VIRB0029_004.MP4,241,5.0 5.0 5.0
split/DCIM/105_VIRB/VIRB0029_005.MP4,242,5.0 5.0 5.0 5.0 5.0 5.0
split/DCIM/105_VIRB/VIRB0029_006.MP4,243,4.0 5.0 5.0
split/DCIM/105_VIRB/VIRB0029_007.MP4,244,5.0 5.0 5.0 5.0 5.0 3.0 5.0
split/DCIM/105_VIRB/VIRB0029_008.MP4,245,4.0 5.0 5.0
split/DCIM/105_VIRB/VIRB0029_009.MP4,246,3.0
split/DCIM/105_VIRB/VIRB0029_010.MP4,247,4.0 5.0
split/DCIM/105_VIRB/VIRB0031_000.MP4,407,3.0 4.0 4.0 3.0 4.0
split/DCIM/105_VIRB/VIRB0031_001.MP4,408,3.0 1.0
split/DCIM/105_VIRB/VIRB0031_002.MP4,409,3.0 3.0 3.0 5.0
split/DCIM/105_VIRB/VIRB0031_003.MP4,410,3.0 4.0 4.0 2.0 3.0 5.0
split/DCIM/105_VIRB/VIRB0031_005.MP4,411,4.0 3.0
split/DCIM/105_VIRB/VIRB0031_006.MP4,412,2.0 5.0 4.0 3.0 3.0
split/DCIM/105_VIRB/VIRB0031_007.MP4,413,5.0 4.0 5.0
split/DCIM/105_VIRB/VIRB0031_008.MP4,414,5.0 5.0 5.0 4.0
split/DCIM/105_VIRB/VIRB0032_000.MP4,433,5.0
split/DCIM/105_VIRB/VIRB0032_001.MP4,434,3.0
split/DCIM/105_VIRB/VIRB0032_002.MP4,435,4.0 3.0 5.0 5.0
split/DCIM/105_VIRB/VIRB0032_003.MP4,436,4.0 4.0 5.0 5.0
split/DCIM/105_VIRB/VIRB0032_004.MP4,437,5.0 3.0 4.0 3.0
split/DCIM/105_VIRB/VIRB0032_005.MP4,438,5.0 2.0 4.0
split/DCIM/105_VIRB/VIRB0032_006.MP4,439,4.0 5.0 5.0 4.0
split/DCIM/105_VIRB/VIRB0032_008.MP4,441,5.0 5.0 3.0
split/DCIM/105_VIRB/VIRB0035_000.MP4,152,4.0 4.0 5.0 5.0
split/DCIM/105_VIRB/VIRB0035_001.MP4,153,4.0 4.0 3.0 3.0 4.0 4.0
split/DCIM/105_VIRB/VIRB0035_002.MP4,154,2.0 2.0 3.0 3.0 1.0 1.0
split/DCIM/105_VIRB/VIRB0035_003.MP4,155,2.0 2.0 2.0 2.0 2.0 2.0 3.0 3.0 3.0 3.0 3.0 3.0
split/DCIM/105_VIRB/VIRB0035_004.MP4,156,2.0 2.0 3.0 3.0 4.0 4.0
split/DCIM/105_VIRB/VIRB0035_005.MP4,157,2.0 2.0 3.0 3.0 4.0 4.0 4.0 4.0
split/DCIM/105_VIRB/VIRB0036_000.MP4,233,2.0 1.0 2.0
split/DCIM/105_VIRB/VIRB0036_001.MP4,234,3.0 2.0 2.0 2.0
split/DCIM/105_VIRB/VIRB0036_002.MP4,235,2.0 3.0
split/DCIM/105_VIRB/VIRB0037_000.MP4,336,3.0 3.0
split/DCIM/105_VIRB/VIRB0037_001.MP4,337,2.0 2.0 3.0 3.0
split/DCIM/105_VIRB/VIRB0037_002.MP4,338,4.0 3.0
split/DCIM/105_VIRB/VIRB0037_003.MP4,339,4.0 3.0
split/DCIM/105_VIRB/VIRB0037_004.MP4,340,1.0 3.0 2.0 2.0
split/DCIM/105_VIRB/VIRB0037_005.MP4,341,3.0 2.0 3.0
split/DCIM/105_VIRB/VIRB0037_006.MP4,342,3.0 3.0 4.0
split/DCIM/105_VIRB/VIRB0037_007.MP4,343,2.0 2.0
split/DCIM/105_VIRB/VIRB0037_008.MP4,344,1.0 1.0 2.0 2.0 2.0 2.0
split/DCIM/105_VIRB/VIRB0037_009.MP4,345,3.0
split/DCIM/105_VIRB/VIRB0037_010.MP4,346,3.0 3.0 2.0 2.0
split/DCIM/105_VIRB/VIRB0037_011.MP4,347,3.0 3.0 2.0
split/DCIM/105_VIRB/VIRB0037_012.MP4,348,2.0 2.0 2.0 2.0 2.0 2.0 3.0 3.0
split/DCIM/105_VIRB/VIRB0037_013.MP4,349,4.0 4.0 2.0 2.0 3.0 3.0 4.0 4.0 4.0 4.0
split/DCIM/105_VIRB/VIRB0037_014.MP4,350,4.0 3.0 4.0 3.0
split/DCIM/105_VIRB/VIRB0037_015.MP4,351,4.0 4.0 4.0
split/DCIM/105_VIRB/VIRB0037_016.MP4,352,4.0 4.0 3.0 3.0
split/DCIM/105_VIRB/VIRB0037_017.MP4,353,4.0 4.0 4.0 4.0 4.0 4.0 4.0 4.0 4.0
split/DCIM/105_VIRB/VIRB0037_018.MP4,354,4.0 4.0 4.0 4.0 4.0 4.0 4.0 4.0 4.0 3.0 3.0 3.0
split/DCIM/105_VIRB/VIRB0037_019.MP4,355,4.0 4.0 4.0 4.0 4.0 4.0 2.0 2.0 4.0 4.0 4.0 4.0
split/DCIM/105_VIRB/VIRB0037_020.MP4,356,4.0 4.0 3.0 3.0
split/DCIM/105_VIRB/VIRB0037_021.MP4,357,4.0 4.0
split/DCIM/105_VIRB/VIRB0037_022.MP4,358,4.0 4.0 4.0 4.0 3.0 3.0 4.0 4.0
split/DCIM/105_VIRB/VIRB0037_023.MP4,359,4.0 4.0 4.0 4.0 4.0 4.0
split/DCIM/105_VIRB/VIRB0037_024.MP4,360,4.0 4.0 4.0 4.0 4.0 4.0
split/DCIM/105_VIRB/VIRB0037_025.MP4,361,3.0 3.0
split/DCIM/105_VIRB/VIRB0037_026.MP4,362,3.0 4.0
split/DCIM/105_VIRB/VIRB0037_027.MP4,363,4.0
split/DCIM/105_VIRB/VIRB0037_028.MP4,364,4.0 4.0 4.0 4.0
split/DCIM/105_VIRB/VIRB0037_029.MP4,365,4.0 4.0 3.0 3.0 4.0 4.0 4.0 4.0 3.0 3.0 4.0 4.0 3.0 3.0
split/DCIM/105_VIRB/VIRB0037_030.MP4,366,4.0 4.0 4.0 4.0 2.0 2.0 4.0 4.0 4.0 4.0
split/DCIM/105_VIRB/VIRB0038_000.MP4,415,4.0 4.0 4.0 4.0
split/DCIM/105_VIRB/VIRB0038_001.MP4,416,3.0 2.0 2.0
split/DCIM/105_VIRB/VIRB0038_002.MP4,417,3.0 3.0 3.0 3.0 2.0 2.0 3.0 3.0 2.0 2.0
split/DCIM/105_VIRB/VIRB0038_003.MP4,418,1.0 1.0 1.0 3.0 3.0 3.0
split/DCIM/105_VIRB/VIRB0038_004.MP4,419,1.0 3.0 4.0 1.0 3.0 2.0
split/DCIM/105_VIRB/VIRB0038_005.MP4,420,2.0 2.0 3.0 3.0 3.0 3.0 3.0 3.0 2.0 2.0
split/DCIM/105_VIRB/VIRB0038_006.MP4,421,4.0 4.0
split/DCIM/105_VIRB/VIRB0038_007.MP4,422,3.0 3.0 3.0 3.0 3.0 3.0 3.0 3.0 3.0 3.0 3.0 3.0
split/DCIM/105_VIRB/VIRB0038_008.MP4,423,3.0 3.0 3.0 3.0
split/DCIM/105_VIRB/VIRB0038_010.MP4,425,3.0 3.0 3.0 3.0 2.0 2.0
split/DCIM/105_VIRB/VIRB0038_011.MP4,426,4.0 4.0 4.0
split/DCIM/105_VIRB/VIRB0038_012.MP4,427,2.0 2.0 3.0 3.0
split/DCIM/105_VIRB/VIRB0038_013.MP4,428,2.0 2.0 2.0 2.0
split/DCIM/105_VIRB/VIRB0038_014.MP4,429,2.0 2.0 4.0 4.0 3.0 3.0
split/DCIM/105_VIRB/VIRB0038_015.MP4,430,3.0 3.0 2.0 2.0
split/DCIM/105_VIRB/VIRB0038_016.MP4,431,3.0 3.0 3.0 2.0 2.0 2.0 4.0 4.0 4.0 3.0 3.0 3.0
split/DCIM/105_VIRB/VIRB0038_017.MP4,432,2.0 2.0 2.0 2.0 3.0 3.0 3.0 3.0 2.0 2.0 4.0 4.0
split/DCIM/105_VIRB/VIRB0039_000.MP4,442,5.0 5.0 2.0 2.0 2.0 2.0 3.0 3.0 2.0 2.0
split/DCIM/105_VIRB/VIRB0039_001.MP4,443,2.0 2.0 4.0 4.0 3.0 3.0
split/DCIM/105_VIRB/VIRB0039_002.MP4,444,3.0 1.0 2.0
split/DCIM/105_VIRB/VIRB0039_003.MP4,445,3.0 2.0 1.0 2.0 2.0 2.0
split/DCIM/105_VIRB/VIRB0039_004.MP4,446,2.0 2.0 1.0
split/DCIM/105_VIRB/VIRB0039_005.MP4,447,2.0 2.0
split/DCIM/105_VIRB/VIRB0039_007.MP4,448,3.0 3.0
split/DCIM/105_VIRB/VIRB0039_008.MP4,450,3.0 3.0
split/DCIM/105_VIRB/VIRB0040_000.MP4,367,4.0 3.0 4.0
split/DCIM/105_VIRB/VIRB0040_001.MP4,368,3.0 3.0 3.0
split/DCIM/105_VIRB/VIRB0040_002.MP4,369,3.0 4.0
split/DCIM/105_VIRB/VIRB0040_003.MP4,370,4.0 4.0 4.0 4.0 3.0 3.0 4.0 4.0 3.0 3.0
split/DCIM/105_VIRB/VIRB0040_004.MP4,371,4.0 4.0 4.0 4.0 4.0 4.0 4.0 4.0
split/DCIM/105_VIRB/VIRB0040_005.MP4,372,4.0
split/DCIM/105_VIRB/VIRB0040_006.MP4,373,4.0 4.0 2.0
split/DCIM/105_VIRB/VIRB0040_007.MP4,374,4.0
split/DCIM/105_VIRB/VIRB0041_000.MP4,148,3.0 3.0 4.0 4.0 3.0 3.0 4.0 4.0
split/DCIM/105_VIRB/VIRB0041_001.MP4,149,2.0 2.0
